Life_In_Progress_Wrap_Belt_Chambray_Dress_img_00000004.jpg,Life_in_Progress_Belted_Shirt_Dress_img_00000012.jpg,Crepe_Fit_&_Flare_Dress_img_00000055.jpg
0_flower_dress_q.jpg,9_flower_dress_p_.jpg,9_flower_dress_n_.jpg
Chevron_Print_Dress_img_00000003.jpg,Chevron_Print_Dress_img_00000029.jpg,Medallion_Print_Sheath_Dress_img_00000034.jpg
Colorblocked_Shift_Dress_img_00000002.jpg,Colorblocked_Shift_Dress_img_00000038.jpg,Striped_Floral_Fit_&_Flare_Dress_img_00000015.jpg
0_long_dress_q.jpg,12_long_dress_p_.jpg,12_long_dress_n_.jpg
0_jungle_dress_q.jpg,23_jungle_dress_p_.jpg,23_jungle_dress_n_.jpg
0_green_lace_dress_q.jpg,4_green_lace_dress_p_.jpg,4_green_lace_dress_n_.jpg
0_animal_print_dress_q.jpg,41_animal_print_dress_p_.jpg,41_animal_print_dress_n_.jpg
Rose_Print_Skater_Dress_img_00000030.jpg,Rose_Print_Skater_Dress_img_00000028.jpg,Square_Neck_Cutout_Dress_img_00000009.jpg
0_green_lace_dress_q.jpg,2_green_lace_dress_p_.jpg,2_green_lace_dress_n_.jpg
Rose_Print_Skater_Dress_img_00000030.jpg,Rose_Print_Skater_Dress_img_00000061.jpg,Square-Back_Cami_Dress_img_00000019.jpg
Midi_Tank_Dress_img_00000005.jpg,Midi_Tank_Dress_img_00000004.jpg,Textured_Crepe_Maxi_Dress_img_00000055.jpg
Bodycon_Faux_Wrap_Dress_img_00000005.jpg,Bodycon_Faux_Wrap_Dress_img_00000024.jpg,Bodycon_Faux_Wrap_Dress_img_00000066.jpg
0_horizontal_striped_dress_q.jpg,28_horizontal_striped_dress_p_.jpg,28_horizontal_striped_dress_n_.jpg
Faux_Suede_Shift_Dress_img_00000066.jpg,Faux_Suede_Shift_Dress_img_00000048.jpg,Feather_Print_Fit_&_Flare_Dress_img_00000048.jpg
Buttoned_Denim_Shift_Dress_img_00000042.jpg,Buttoned_Denim_Shift_Dress_img_00000065.jpg,Buttoned_Fit_&_Flare_Dress_img_00000009.jpg
Belted_Paisley_Print_Dress_img_00000046.jpg,Belted_Paisley_Print_Dress_img_00000027.jpg,Belted_Paisley_Print_Dress_img_00000072.jpg
0_black_long_dress_q.jpg,29_black_long_dress_p_.jpg,29_black_long_dress_n_.jpg
0_black_short_dress_q.jpg,26_black_short_dress_p_.jpg,26_black_short_dress_n_.jpg
0_horizontal_striped_dress_q.jpg,36_horizontal_striped_dress_p_.jpg,36_horizontal_striped_dress_n_.jpg
0_black_short_dress_q.jpg,19_black_short_dress_p_.jpg,19_black_short_dress_n_.jpg
0_long_dress_q.jpg,0_long_dress_p_.jpg,0_long_dress_n_.jpg
0_long_dress_q.jpg,28_long_dress_p_.jpg,28_long_dress_n_.jpg
Contrast_Striped_Fit_&_Flare_Dress_img_00000043.jpg,Contrast_Striped_Fit_&_Flare_Dress_img_00000023.jpg,Southwestern-Patterned_Bodycon_Dress_img_00000039.jpg
Contrast_Striped_Fit_&_Flare_Dress_img_00000043.jpg,Contrast_Striped_Fit_&_Flare_Dress_img_00000059.jpg,Textured_Floral_Skater_Dress_img_00000011.jpg
0_disney_dress_q.jpg,33_disney_dress_p_.jpg,33_disney_dress_n_.jpg
0_blue_dress_q.jpg,10_blue_dress_p_.jpg,10_blue_dress_n_.jpg
Pleated_Chiffon_Maxi_Dress_img_00000060.jpg,Pleated_Chiffon_Maxi_Dress_img_00000061.jpg,Abstract_Floral_Print_Maxi_Dress_img_00000039.jpg
Abstract_Print_Bodycon_Dress_img_00000049.jpg,Abstract_Print_Bodycon_Dress_img_00000008.jpg,Abstract_Print_Button-Shoulder_Dress_img_00000052.jpg
0_green_lace_dress_q.jpg,6_green_lace_dress_p_.jpg,6_green_lace_dress_n_.jpg
0_lace_prom_dress_q.jpg,53_lace_prom_dress_p_.jpg,53_lace_prom_dress_n_.jpg
0_red_flower_long_dress_q.jpg,29_red_flower_long_dress_p_.jpg,29_red_flower_long_dress_n_.jpg
0_green_lace_dress_q.jpg,0_green_lace_dress_p_.jpg,0_green_lace_dress_n_.jpg
0_red_long_dress_q.jpg,11_red_long_dress_p_.jpg,11_red_long_dress_n_.jpg
0_horizontal_striped_dress_q.jpg,33_horizontal_striped_dress_p_.jpg,33_horizontal_striped_dress_n_.jpg
Abstract_Print_Fluted_Dress_img_00000006.jpg,Belted_Daisy_Print_Dress_img_00000002.jpg,Abstract_Print_Flounce_Maxi_Dress_img_00000052.jpg
0_silk_dress_q.jpg,4_silk_dress_p_.jpg,4_silk_dress_n_.jpg
0_black_long_dress_q.jpg,11_black_long_dress_p_.jpg,11_black_long_dress_n_.jpg
Marled_High-Slit_Midi_Dress_img_00000004.jpg,Marled_Knit_Bodycon_Dress_img_00000007.jpg,Marled_Knit_Bodycon_Dress_img_00000038.jpg
Layered_A-Line_Dress_img_00000023.jpg,Layered_A-Line_Dress_img_00000040.jpg,Layered_Cutout_Midi_Dress_img_00000040.jpg
Tartan_Plaid_Maxi_Dress_img_00000048.jpg,Tartan_Plaid_Maxi_Dress_img_00000026.jpg,Textured_Knit_A-Line_Dress_img_00000006.jpg
0_flax_dress_q.jpg,27_flax_dress_p_.jpg,27_flax_dress_n_.jpg
0_long_dress_q.jpg,32_long_dress_p_.jpg,32_long_dress_n_.jpg
0_flax_dress_q.jpg,30_flax_dress_p_.jpg,30_flax_dress_n_.jpg
0_animal_print_dress_q.jpg,11_animal_print_dress_p_.jpg,11_animal_print_dress_n_.jpg
0_office_dress_q.jpg,16_office_dress_p_.jpg,16_office_dress_n_.jpg
Scoop_Neck_Maxi_Dress_img_00000031.jpg,Scoop_Neck_Maxi_Dress_img_00000083.jpg,Seaside_Strapless_Maxi_Dress_img_00000004.jpg
0_horizontal_striped_dress_q.jpg,42_horizontal_striped_dress_p_.jpg,42_horizontal_striped_dress_n_.jpg
0_long_dress_q.jpg,16_long_dress_p_.jpg,16_long_dress_n_.jpg
0_tulle_long_dress_q.jpg,8_tulle_long_dress_p_.jpg,8_tulle_long_dress_n_.jpg
Braided_Strap_Maxi_Dress_img_00000008.jpg,Braided_Strap_Maxi_Dress_img_00000013.jpg,Braided_Strap_Maxi_Dress_img_00000021.jpg
Chevron_Print_Dress_img_00000003.jpg,Chevron_Print_Dress_img_00000004.jpg,Caged_Side_Longline_Dress_img_00000004.jpg
Baroque_Print_Bodycon_Dress_img_00000039.jpg,Baroque_Print_Bodycon_Dress_img_00000044.jpg,Pleated_Ornate_Matelass&eacute;_Dress_img_00000009.jpg
Crochet_Lace_Shift_Dress_img_00000015.jpg,Crochet_Lace_Shift_Dress_img_00000007.jpg,Textured_Floral_Bodycon_Dress_img_00000013.jpg
Abstract_Print_Fluted_Dress_img_00000006.jpg,Daisy_Shift_Dress_img_00000055.jpg,Belted_Daisy_Print_Dress_img_00000044.jpg
0_red_flower_long_dress_q.jpg,34_red_flower_long_dress_p_.jpg,34_red_flower_long_dress_n_.jpg
0_red_short_dress_q.jpg,18_red_short_dress_p_.jpg,18_red_short_dress_n_.jpg
Breton_Stripe_A-Line_Dress_img_00000011.jpg,Breton_Stripe_A-Line_Dress_img_00000014.jpg,Brushstroke_Print_Belted_Shift_Dress_img_00000013.jpg
0_lace_prom_dress_q.jpg,15_lace_prom_dress_p_.jpg,15_lace_prom_dress_n_.jpg
Botanical_Print_Shift_Dress_img_00000024.jpg,Botanical_Print_Shift_Dress_img_00000016.jpg,Botanical_Print_Shift_Dress_img_00000013.jpg
Sweetheart_High-Low_Dress_img_00000091.jpg,Sweetheart_High-Low_Dress_img_00000032.jpg,Ribbed_Sweetheart_Dress_img_00000041.jpg
0_flower_dress_q.jpg,45_flower_dress_p_.jpg,45_flower_dress_n_.jpg
0_flax_dress_q.jpg,32_flax_dress_p_.jpg,32_flax_dress_n_.jpg
0_lace_prom_dress_q.jpg,38_lace_prom_dress_p_.jpg,38_lace_prom_dress_n_.jpg
Abstract_Print_Fluted_Dress_img_00000006.jpg,Belted_Daisy_Print_Dress_img_00000009.jpg,Abstract_Print_Flounce_Maxi_Dress_img_00000069.jpg
0_red_short_dress_q.jpg,0_red_short_dress_p_.jpg,0_red_short_dress_n_.jpg
Crepe_Shift_Dress_img_00000026.jpg,Crepe_Fit_&_Flare_Dress_img_00000009.jpg,Crepe_Fit_&_Flare_Dress_img_00000037.jpg
Watercolor_Rose_Print_Dress_img_00000008.jpg,Watercolor_Rose_Print_Dress_img_00000014.jpg,Rose_Print_M-Slit_Dress_img_00000013.jpg
Velveteen_Floral_Dress_img_00000032.jpg,Velveteen_Floral_Dress_img_00000030.jpg,Velveteen_Surplice_Dress_img_00000048.jpg
Abstract_Dotted_Dress_img_00000019.jpg,Polka_Dot_Skater_Dress_img_00000029.jpg,Abstract_Drop_Waist_Dress_img_00000032.jpg
Chevron_Print_Dress_img_00000003.jpg,Chevron_Print_Dress_img_00000046.jpg,Textured_Floral_Skater_Dress_img_00000018.jpg
0_flax_dress_q.jpg,13_flax_dress_p_.jpg,13_flax_dress_n_.jpg
Bodycon_Bustier_Dress_img_00000010.jpg,Bodycon_Bustier_Dress_img_00000018.jpg,Bodycon_Bustier_Dress_img_00000011.jpg
Tropical_V-Cut_Maxi_Dress_img_00000029.jpg,Tropical_V-Cut_Maxi_Dress_img_00000027.jpg,Scoop_Neck_Maxi_Dress_img_00000052.jpg
Abstract_Drop_Waist_Dress_img_00000061.jpg,Striped_Trapeze_Dress_img_00000041.jpg,Paisley_Print_Dress_img_00000001.jpg
0_jungle_dress_q.jpg,31_jungle_dress_p_.jpg,31_jungle_dress_n_.jpg
Tulle_Overlay_Cami_Dress_img_00000050.jpg,Eyelash_Lace_Tulle_Dress_img_00000047.jpg,Crochet-Trimmed_Maxi_Dress_img_00000025.jpg
Watercolor_Ikat_M-Slit_Maxi_Dress_img_00000062.jpg,Watercolor_Ikat_M-Slit_Maxi_Dress_img_00000037.jpg,Watercolor_Ikat_M-Slit_Maxi_Dress_img_00000040.jpg
0_tulle_long_dress_q.jpg,20_tulle_long_dress_p_.jpg,20_tulle_long_dress_n_.jpg
0_silk_dress_q.jpg,2_silk_dress_p_.jpg,2_silk_dress_n_.jpg
0_lace_prom_dress_q.jpg,54_lace_prom_dress_p_.jpg,54_lace_prom_dress_n_.jpg
0_office_dress_q.jpg,60_office_dress_p_.jpg,60_office_dress_n_.jpg
25_Mesh-Paneled_Jersey_Dress_img_00000007.jpg,Abstract_Dotted_Dress_img_00000013.jpg,Abstract_Dotted_Dress_img_00000019.jpg
0_horizontal_striped_dress_q.jpg,50_horizontal_striped_dress_p_.jpg,50_horizontal_striped_dress_n_.jpg
0_disney_dress_q.jpg,6_disney_dress_p_.jpg,6_disney_dress_n_.jpg
Scoop_Neck_Maxi_Dress_img_00000031.jpg,Scoop_Neck_Maxi_Dress_img_00000057.jpg,Seaside_Strapless_Maxi_Dress_img_00000006.jpg
Marled_High-Slit_Midi_Dress_img_00000004.jpg,Marled_Knit_Bodycon_Dress_img_00000006.jpg,Marled_Knit_Bodycon_Dress_img_00000035.jpg
0_long_dress_q.jpg,7_long_dress_p_.jpg,7_long_dress_n_.jpg
0_black_short_dress_q.jpg,21_black_short_dress_p_.jpg,21_black_short_dress_n_.jpg
0_horizontal_striped_dress_q.jpg,15_horizontal_striped_dress_p_.jpg,15_horizontal_striped_dress_n_.jpg
0_red_flower_long_dress_q.jpg,5_red_flower_long_dress_p_.jpg,5_red_flower_long_dress_n_.jpg
Vertical_Stripe_Dress_img_00000071.jpg,Vertical_Stripe_Dress_img_00000056.jpg,Abstract_Print_V-Back_Dress_img_00000005.jpg
0_red_flower_long_dress_q.jpg,20_red_flower_long_dress_p_.jpg,20_red_flower_long_dress_n_.jpg
0_tulle_long_dress_q.jpg,49_tulle_long_dress_p_.jpg,49_tulle_long_dress_n_.jpg
0_lace_prom_dress_q.jpg,26_lace_prom_dress_p_.jpg,26_lace_prom_dress_n_.jpg
Chevron_Print_Dress_img_00000003.jpg,Chevron_Print_Dress_img_00000035.jpg,Medallion_Print_Sheath_Dress_img_00000035.jpg
Crepe_Shift_Dress_img_00000026.jpg,Crepe_Fit_&_Flare_Dress_img_00000010.jpg,Crepe_Fit_&_Flare_Dress_img_00000038.jpg
Abstract_Print_Maxi_Dress_img_00000014.jpg,Abstract_Print_Maxi_Dress_img_00000049.jpg,Abstract_Print_Maxi_Dress_img_00000057.jpg
0_blue_dress_q.jpg,18_blue_dress_p_.jpg,18_blue_dress_n_.jpg
Faux_Suede_Shift_Dress_img_00000066.jpg,Faux_Suede_Shift_Dress_img_00000015.jpg,Festive_Fit_&_Flare_Dress_img_00000054.jpg
0_red_long_dress_q.jpg,7_red_long_dress_p_.jpg,7_red_long_dress_n_.jpg
Polka_Dot_Shift_Dress_img_00000005.jpg,Polka_Dot_Shift_Dress_img_00000008.jpg,Striped_Knit_Skater_Dress_img_00000053.jpg
Vertical_Stripe_Dress_img_00000071.jpg,Vertical_Stripe_Dress_img_00000080.jpg,Velveteen_Surplice_Dress_img_00000042.jpg
0_jungle_dress_q.jpg,14_jungle_dress_p_.jpg,14_jungle_dress_n_.jpg
0_animal_print_dress_q.jpg,8_animal_print_dress_p_.jpg,8_animal_print_dress_n_.jpg
0_flower_dress_q.jpg,34_flower_dress_p_.jpg,34_flower_dress_n_.jpg
0_disney_dress_q.jpg,39_disney_dress_p_.jpg,39_disney_dress_n_.jpg
0_black_long_dress_q.jpg,31_black_long_dress_p_.jpg,31_black_long_dress_n_.jpg
Maxi_Utility_Dress_img_00000002.jpg,Maxi_Utility_Dress_img_00000012.jpg,Matelass&eacute;_Skater_Dress_img_00000016.jpg
0_red_short_dress_q.jpg,14_red_short_dress_p_.jpg,14_red_short_dress_n_.jpg
0_animal_print_dress_q.jpg,17_animal_print_dress_p_.jpg,17_animal_print_dress_n_.jpg
Abstract_Floral_Strapless_Dress_img_00000037.jpg,Abstract_Floral_Strapless_Dress_img_00000038.jpg,Longline_Henley_Shirt_Dress_img_00000006.jpg
Crochet_Lace_Shift_Dress_img_00000015.jpg,Crochet_Lace_Shift_Dress_img_00000004.jpg,Textured_Dot_Skater_Dress_img_00000047.jpg
Chevron_Print_Dress_img_00000003.jpg,Chevron_Print_Dress_img_00000048.jpg,Textured_Floral_Skater_Dress_img_00000015.jpg
0_red_long_dress_q.jpg,17_red_long_dress_p_.jpg,17_red_long_dress_n_.jpg
0_animal_print_dress_q.jpg,39_animal_print_dress_p_.jpg,39_animal_print_dress_n_.jpg
Belted_Paisley_Print_Dress_img_00000046.jpg,Belted_Paisley_Print_Dress_img_00000039.jpg,Belted_Paisley_Print_Dress_img_00000043.jpg
Belted_Crochet-Paneled_Dress_img_00000010.jpg,Belted_Crotchet_Combo_Dress_img_00000014.jpg,Faux-Wrap_Surplice_Dress_img_00000024.jpg
0_lace_prom_dress_q.jpg,20_lace_prom_dress_p_.jpg,20_lace_prom_dress_n_.jpg
0_silk_dress_q.jpg,16_silk_dress_p_.jpg,16_silk_dress_n_.jpg
0_office_dress_q.jpg,30_office_dress_p_.jpg,30_office_dress_n_.jpg
0_office_dress_q.jpg,43_office_dress_p_.jpg,43_office_dress_n_.jpg
0_green_lace_dress_q.jpg,15_green_lace_dress_p_.jpg,15_green_lace_dress_n_.jpg
Belted_Crochet-Paneled_Dress_img_00000010.jpg,Belted_Crochet-Paneled_Dress_img_00000035.jpg,Belted_Floral_Print_Dress_img_00000046.jpg
0_lace_prom_dress_q.jpg,4_lace_prom_dress_p_.jpg,4_lace_prom_dress_n_.jpg
Strapless_Metallic_Bandage_Dress_img_00000072.jpg,Strapless_Metallic_Bandage_Dress_img_00000063.jpg,Checkered_Metallic_Dress_img_00000012.jpg
Watercolor_Ikat_M-Slit_Maxi_Dress_img_00000040.jpg,Watercolor_Ikat_M-Slit_Maxi_Dress_img_00000033.jpg,Abstract_Floral_Print_Maxi_Dress_img_00000001.jpg
0_disney_dress_q.jpg,10_disney_dress_p_.jpg,10_disney_dress_n_.jpg
0_flower_dress_q.jpg,50_flower_dress_p_.jpg,50_flower_dress_n_.jpg
Life_In_Progress_Wrap_Belt_Chambray_Dress_img_00000004.jpg,Life_in_Progress_Belted_Shirt_Dress_img_00000020.jpg,Crepe_Fit_&_Flare_Dress_img_00000025.jpg
0_red_long_dress_q.jpg,2_red_long_dress_p_.jpg,2_red_long_dress_n_.jpg
0_tulle_long_dress_q.jpg,31_tulle_long_dress_p_.jpg,31_tulle_long_dress_n_.jpg
0_black_short_dress_q.jpg,27_black_short_dress_p_.jpg,27_black_short_dress_n_.jpg
0_office_dress_q.jpg,34_office_dress_p_.jpg,34_office_dress_n_.jpg
0_blue_white_dress_q.jpg,19_blue_white_dress_p_.jpg,19_blue_white_dress_n_.jpg
0_lace_prom_dress_q.jpg,23_lace_prom_dress_p_.jpg,23_lace_prom_dress_n_.jpg
Strappy_Chiffon_Maxi_Dress_img_00000007.jpg,Paneled_Maxi_Dress_img_00000006.jpg,Floral_Maxi_Dress_img_00000042.jpg
Shirred_Chiffon_Dress_img_00000042.jpg,Shirred_Chiffon_Dress_img_00000039.jpg,Shirred_Gauze_Midi_Dress_img_00000002.jpg
0_blue_dot_dress_q.jpg,20_blue_dot_dress_p_.jpg,20_blue_dot_dress_n_.jpg
0_white_lace_dress_q.jpg,12_white_lace_dress_p_.jpg,12_white_lace_dress_n_.jpg
Baroque_Print_Bodycon_Dress_img_00000023.jpg,Baroque_Midi_Dress_img_00000069.jpg,Cutout-Back_Sheath_Dress_img_00000057.jpg
0_flax_dress_q.jpg,11_flax_dress_p_.jpg,11_flax_dress_n_.jpg
Vertical_Stripe_Dress_img_00000071.jpg,Vertical_Stripe_Dress_img_00000017.jpg,Abstract_Geo_V-Back_Dress_img_00000012.jpg
0_tulle_long_dress_q.jpg,32_tulle_long_dress_p_.jpg,32_tulle_long_dress_n_.jpg
Watercolor_Ikat_M-Slit_Maxi_Dress_img_00000040.jpg,Abstract_Surplice_Maxi_Dress_img_00000051.jpg,Mesh_Maxi_Dress_img_00000002.jpg
0_long_dress_q.jpg,8_long_dress_p_.jpg,8_long_dress_n_.jpg
Watercolor_Rose_Print_Dress_img_00000008.jpg,Watercolor_Rose_Print_Dress_img_00000051.jpg,Rose_Print_Lace-Up_Dress_img_00000037.jpg
0_flax_dress_q.jpg,31_flax_dress_p_.jpg,31_flax_dress_n_.jpg
0_red_flower_long_dress_q.jpg,0_red_flower_long_dress_p_.jpg,0_red_flower_long_dress_n_.jpg
Bird_Print_Halter_Dress_img_00000010.jpg,Bird_Print_Halter_Dress_img_00000057.jpg,Bodycon_Bustier_Dress_img_00000001.jpg
Belted_Peplum_Dress_img_00000019.jpg,Belted_Peplum_Dress_img_00000065.jpg,Cutout-Back_Floral_Print_Dress_img_00000047.jpg
0_black_short_dress_q.jpg,10_black_short_dress_p_.jpg,10_black_short_dress_n_.jpg
Belted_Crochet-Paneled_Dress_img_00000010.jpg,Belted_Crotchet_Combo_Dress_img_00000010.jpg,Belted_Lace_Skater_Dress_img_00000024.jpg
0_office_dress_q.jpg,17_office_dress_p_.jpg,17_office_dress_n_.jpg
0_blue_dress_q.jpg,21_blue_dress_p_.jpg,21_blue_dress_n_.jpg
Collared_Crepe_A-Line_Dress_img_00000012.jpg,Collared_Crepe_A-Line_Dress_img_00000026.jpg,V-Neck_Tie-Dye_Dress_img_00000019.jpg
Watercolor_Rose_Print_Dress_img_00000008.jpg,Smocked_Rose_Print_Dress_img_00000021.jpg,Abstract_Southwestern_Print_Flounce_Dress_img_00000013.jpg
Butterfly_Print_Maxi_Dress_img_00000022.jpg,Butterfly_Print_Maxi_Dress_img_00000020.jpg,Kaleidoscope_Flounce_Maxi_Dress_img_00000026.jpg
0_disney_dress_q.jpg,37_disney_dress_p_.jpg,37_disney_dress_n_.jpg
Leopard_Print_Maxi_Dress_img_00000016.jpg,Leopard_Print_Maxi_Dress_img_00000011.jpg,Rose_Print_Chiffon_Dress_img_00000056.jpg
0_horizontal_striped_dress_q.jpg,51_horizontal_striped_dress_p_.jpg,51_horizontal_striped_dress_n_.jpg
Velveteen_Floral_Dress_img_00000032.jpg,Velveteen_Surplice_Dress_img_00000020.jpg,Abstract_Print_Cami_Dress_img_00000052.jpg
Abstract_Chevron_Draped_Dress_img_00000034.jpg,Abstract_Chevron_Draped_Dress_img_00000040.jpg,25_Mesh-Paneled_Jersey_Dress_img_00000038.jpg
0_tulle_long_dress_q.jpg,44_tulle_long_dress_p_.jpg,44_tulle_long_dress_n_.jpg
Botanical_Floral_Shift_Dress_img_00000001.jpg,Botanical_Floral_Shift_Dress_img_00000026.jpg,Cap-Sleeved_Midi_Dress_img_00000020.jpg
0_red_flower_long_dress_q.jpg,4_red_flower_long_dress_p_.jpg,4_red_flower_long_dress_n_.jpg
Palm_Print_Bodycon_Dress_img_00000040.jpg,Palm_Print_Bodycon_Dress_img_00000006.jpg,Crinkled_Chiffon_Cami_Dress_img_00000039.jpg
36_Plaid_Shirt_Dress_img_00000015.jpg,36_Plaid_Shirt_Dress_img_00000010.jpg,Draped_Tie-Back_Midi_Dress_img_00000034.jpg
Vertical_Stripe_Dress_img_00000071.jpg,Vertical_Stripe_Dress_img_00000062.jpg,Velveteen_Surplice_Dress_img_00000047.jpg
0_office_dress_q.jpg,38_office_dress_p_.jpg,38_office_dress_n_.jpg
Metallic_Maxi_Dress_img_00000048.jpg,Metallic_Maxi_Dress_img_00000016.jpg,Floral_Maxi_Dress_img_00000048.jpg
0_tulle_long_dress_q.jpg,29_tulle_long_dress_p_.jpg,29_tulle_long_dress_n_.jpg
Textured_A-Line_Dress_img_00000025.jpg,Textured_A-Line_Dress_img_00000023.jpg,Tribal_Print_Combo_Maxi_Dress_img_00000005.jpg
0_jungle_dress_q.jpg,61_jungle_dress_p_.jpg,61_jungle_dress_n_.jpg
0_red_short_dress_q.jpg,36_red_short_dress_p_.jpg,36_red_short_dress_n_.jpg
Crepe_Shift_Dress_img_00000026.jpg,Crepe_Fit_&_Flare_Dress_img_00000032.jpg,Crepe_Fit_&_Flare_Dress_img_00000032.jpg
Watercolor_Rose_Print_Dress_img_00000069.jpg,Watercolor_Rose_Print_Dress_img_00000022.jpg,Eyelash_Lace_Sheath_Dress_img_00000012.jpg
0_red_long_dress_q.jpg,9_red_long_dress_p_.jpg,9_red_long_dress_n_.jpg
Belted_Polka_Dot_Dress_img_00000063.jpg,Belted_Polka_Dot_Dress_img_00000052.jpg,Belted_Rose_Babydoll_Dress_img_00000013.jpg
36_Plaid_Shirt_Dress_img_00000015.jpg,36_Plaid_Shirt_Dress_img_00000033.jpg,Layered_Cutout_Midi_Dress_img_00000025.jpg
Leopard_Print_Maxi_Dress_img_00000016.jpg,Leopard_Print_Maxi_Dress_img_00000024.jpg,Life_in_Progress_Belted_Shirt_Dress_img_00000009.jpg
0_tulle_long_dress_q.jpg,0_tulle_long_dress_p_.jpg,0_tulle_long_dress_n_.jpg
0_lace_prom_dress_q.jpg,8_lace_prom_dress_p_.jpg,8_lace_prom_dress_n_.jpg
0_red_short_dress_q.jpg,31_red_short_dress_p_.jpg,31_red_short_dress_n_.jpg
0_jungle_dress_q.jpg,52_jungle_dress_p_.jpg,52_jungle_dress_n_.jpg
Botanical_Floral_Shift_Dress_img_00000001.jpg,Botanical_Floral_Shift_Dress_img_00000033.jpg,Organza-Paneled_Dress_img_00000048.jpg
0_flax_dress_q.jpg,9_flax_dress_p_.jpg,9_flax_dress_n_.jpg
0_flower_dress_q.jpg,29_flower_dress_p_.jpg,29_flower_dress_n_.jpg
0_red_flower_long_dress_q.jpg,25_red_flower_long_dress_p_.jpg,25_red_flower_long_dress_n_.jpg
0_red_flower_long_dress_q.jpg,17_red_flower_long_dress_p_.jpg,17_red_flower_long_dress_n_.jpg
Embroidered_Lace-Paneled_Maxi_Dress_img_00000031.jpg,Embroidered_Lace-Paneled_Maxi_Dress_img_00000035.jpg,Elephant_Print_Maxi_Dress_img_00000061.jpg
0_tulle_long_dress_q.jpg,15_tulle_long_dress_p_.jpg,15_tulle_long_dress_n_.jpg
0_red_short_dress_q.jpg,26_red_short_dress_p_.jpg,26_red_short_dress_n_.jpg
Sheer_Mesh_Maxi_Dress_img_00000021.jpg,Sheer_Mesh_Maxi_Dress_img_00000011.jpg,Sheer-Paneled_Printed_Dress_img_00000015.jpg
25_Mesh-Paneled_Jersey_Dress_img_00000007.jpg,Abstract_Floral_Tie-Waist_Dress_img_00000023.jpg,Abstract_Dotted_Dress_img_00000016.jpg
Caged_Lace_Fit_&_Flare_Dress_img_00000014.jpg,Caged_Lace_Fit_&_Flare_Dress_img_00000031.jpg,Caged_Side_Longline_Dress_img_00000013.jpg
0_lace_prom_dress_q.jpg,37_lace_prom_dress_p_.jpg,37_lace_prom_dress_n_.jpg
0_blue_dress_q.jpg,6_blue_dress_p_.jpg,6_blue_dress_n_.jpg
0_lace_prom_dress_q.jpg,35_lace_prom_dress_p_.jpg,35_lace_prom_dress_n_.jpg
0_flower_dress_q.jpg,10_flower_dress_p_.jpg,10_flower_dress_n_.jpg
0_black_long_dress_q.jpg,20_black_long_dress_p_.jpg,20_black_long_dress_n_.jpg
Buttoned_Floral_Maxi_Dress_img_00000023.jpg,Buttoned_Floral_Maxi_Dress_img_00000024.jpg,Buttoned_Floral_Maxi_Dress_img_00000077.jpg
Belted_Peplum_Dress_img_00000035.jpg,Belted_Peplum_Dress_img_00000033.jpg,Belted_Plaid_Dress_img_00000006.jpg
0_red_long_dress_q.jpg,13_red_long_dress_p_.jpg,13_red_long_dress_n_.jpg
0_animal_print_dress_q.jpg,5_animal_print_dress_p_.jpg,5_animal_print_dress_n_.jpg
Metallic_Maxi_Dress_img_00000048.jpg,Metallic_Maxi_Dress_img_00000050.jpg,Halter_Maxi_Dress_img_00000062.jpg
Checked_Fit_&_Flare_Dress_img_00000015.jpg,Checked_Fit_&_Flare_Dress_img_00000016.jpg,Checked_Fit_&_Flare_Dress_img_00000024.jpg
0_tulle_long_dress_q.jpg,17_tulle_long_dress_p_.jpg,17_tulle_long_dress_n_.jpg
Bird_Print_Sateen_Dress_img_00000022.jpg,Bird_Print_Sateen_Dress_img_00000024.jpg,Bird_Print_Halter_Dress_img_00000034.jpg
0_red_long_dress_q.jpg,22_red_long_dress_p_.jpg,22_red_long_dress_n_.jpg
0_silk_dress_q.jpg,7_silk_dress_p_.jpg,7_silk_dress_n_.jpg
Breton_Stripe_A-Line_Dress_img_00000011.jpg,Breton_Stripe_A-Line_Dress_img_00000020.jpg,Brushstroke_Print_Belted_Shift_Dress_img_00000016.jpg
0_black_long_dress_q.jpg,5_black_long_dress_p_.jpg,5_black_long_dress_n_.jpg
0_white_lace_dress_q.jpg,11_white_lace_dress_p_.jpg,11_white_lace_dress_n_.jpg
0_office_dress_q.jpg,29_office_dress_p_.jpg,29_office_dress_n_.jpg
0_horizontal_striped_dress_q.jpg,34_horizontal_striped_dress_p_.jpg,34_horizontal_striped_dress_n_.jpg
Brushstroke_Print_Shirt_Dress_img_00000018.jpg,Brushstroke_Print_Shirt_Dress_img_00000057.jpg,Ribbed_Sweetheart_Dress_img_00000044.jpg
Strappy_Chiffon_Maxi_Dress_img_00000007.jpg,Paneled_Maxi_Dress_img_00000003.jpg,Floral_Maxi_Dress_img_00000045.jpg
0_long_dress_q.jpg,36_long_dress_p_.jpg,36_long_dress_n_.jpg
0_flower_dress_q.jpg,14_flower_dress_p_.jpg,14_flower_dress_n_.jpg
0_red_flower_long_dress_q.jpg,10_red_flower_long_dress_p_.jpg,10_red_flower_long_dress_n_.jpg
Metallic_Maxi_Dress_img_00000048.jpg,Metallic_Maxi_Dress_img_00000034.jpg,Halter_Maxi_Dress_img_00000054.jpg
0_tulle_long_dress_q.jpg,28_tulle_long_dress_p_.jpg,28_tulle_long_dress_n_.jpg
Marled_High-Slit_Midi_Dress_img_00000004.jpg,Marled_Knit_Hooded_Dress_img_00000010.jpg,Marled_Knit_Hooded_Dress_img_00000002.jpg
0_black_short_dress_q.jpg,32_black_short_dress_p_.jpg,32_black_short_dress_n_.jpg
0_tulle_long_dress_q.jpg,25_tulle_long_dress_p_.jpg,25_tulle_long_dress_n_.jpg
0_animal_print_dress_q.jpg,10_animal_print_dress_p_.jpg,10_animal_print_dress_n_.jpg
0_blue_dress_q.jpg,11_blue_dress_p_.jpg,11_blue_dress_n_.jpg
0_black_long_dress_q.jpg,8_black_long_dress_p_.jpg,8_black_long_dress_n_.jpg
0_animal_print_dress_q.jpg,22_animal_print_dress_p_.jpg,22_animal_print_dress_n_.jpg
Metallic_Maxi_Dress_img_00000048.jpg,Metallic_Maxi_Dress_img_00000038.jpg,Halter_Maxi_Dress_img_00000059.jpg
0_green_lace_dress_q.jpg,9_green_lace_dress_p_.jpg,9_green_lace_dress_n_.jpg
Mesh_Paneled_Bodycon_Dress_img_00000005.jpg,Mesh_Paneled_Bodycon_Dress_img_00000042.jpg,Mesh_Overlay_Sheath_Dress_img_00000001.jpg
Botanical_Floral_Shift_Dress_img_00000001.jpg,Botanical_Floral_Shift_Dress_img_00000055.jpg,Organza-Paneled_Dress_img_00000054.jpg
0_office_dress_q.jpg,61_office_dress_p_.jpg,61_office_dress_n_.jpg
Chevron_Print_Dress_img_00000003.jpg,Chevron_Print_Dress_img_00000020.jpg,Textured_Floral_Skater_Dress_img_00000005.jpg
Abstract_Ikat_Maxi_Dress_img_00000016.jpg,Abstract_Ikat_Maxi_Dress_img_00000031.jpg,Abstract_Patterned_Bodycon_Dress_img_00000006.jpg
Velveteen_Floral_Dress_img_00000032.jpg,Velveteen_Floral_Dress_img_00000035.jpg,Velveteen_Surplice_Dress_img_00000047.jpg
Layered_A-Line_Dress_img_00000023.jpg,Layered_A-Line_Dress_img_00000037.jpg,Layered_Cutout_Midi_Dress_img_00000038.jpg
Bodycon_Faux_Wrap_Dress_img_00000005.jpg,Bodycon_Faux_Wrap_Dress_img_00000047.jpg,Floral_Print_Shirt_Dress_img_00000019.jpg
Tulle_Overlay_Cami_Dress_img_00000050.jpg,Tulle_Overlay_Cami_Dress_img_00000035.jpg,Zippered_Knit_Dress_img_00000068.jpg
0_animal_print_dress_q.jpg,26_animal_print_dress_p_.jpg,26_animal_print_dress_n_.jpg
0_black_long_dress_q.jpg,18_black_long_dress_p_.jpg,18_black_long_dress_n_.jpg
0_blue_dress_q.jpg,28_blue_dress_p_.jpg,28_blue_dress_n_.jpg
0_flower_dress_q.jpg,42_flower_dress_p_.jpg,42_flower_dress_n_.jpg
0_blue_dress_q.jpg,29_blue_dress_p_.jpg,29_blue_dress_n_.jpg
0_black_short_dress_q.jpg,23_black_short_dress_p_.jpg,23_black_short_dress_n_.jpg
Baroque_Print_Bodycon_Dress_img_00000023.jpg,Baroque_Print_Bodycon_Dress_img_00000015.jpg,Cutout-Back_Shift_Dress_img_00000019.jpg
0_blue_dress_q.jpg,36_blue_dress_p_.jpg,36_blue_dress_n_.jpg
Leopard_Print_Maxi_Dress_img_00000016.jpg,Leopard_Print_Maxi_Dress_img_00000024.jpg,Rose_Print_Crepe_Dress_img_00000041.jpg
Abstract_Animal_Print_Dress_img_00000005.jpg,Abstract_Animal_Print_Dress_img_00000020.jpg,Abstract_Print_Tasseled_Mini_Dress_img_00000042.jpg
0_blue_white_dress_q.jpg,10_blue_white_dress_p_.jpg,10_blue_white_dress_n_.jpg
0_blue_white_dress_q.jpg,27_blue_white_dress_p_.jpg,27_blue_white_dress_n_.jpg
Abstract_Animal_Print_Dress_img_00000005.jpg,Abstract_Animal_Print_Dress_img_00000026.jpg,Abstract_Print_Tunic_Dress_img_00000011.jpg
Sequined_Geo_Pattern_Dress_img_00000034.jpg,Sequined_Geo_Pattern_Dress_img_00000046.jpg,Sheer-Paneled_Printed_Dress_img_00000017.jpg
Sweetheart_High-Low_Dress_img_00000091.jpg,Sweetheart_High-Low_Dress_img_00000092.jpg,Ribbed_Sweetheart_Dress_img_00000044.jpg
0_red_flower_long_dress_q.jpg,27_red_flower_long_dress_p_.jpg,27_red_flower_long_dress_n_.jpg
0_red_flower_long_dress_q.jpg,36_red_flower_long_dress_p_.jpg,36_red_flower_long_dress_n_.jpg
0_animal_print_dress_q.jpg,33_animal_print_dress_p_.jpg,33_animal_print_dress_n_.jpg
0_jungle_dress_q.jpg,42_jungle_dress_p_.jpg,42_jungle_dress_n_.jpg
Chiffon_&_Floral_Dress_img_00000049.jpg,Chiffon_&_Floral_Dress_img_00000038.jpg,Chiffon_Button-Down_Shirt_Dress_img_00000016.jpg
0_lace_prom_dress_q.jpg,34_lace_prom_dress_p_.jpg,34_lace_prom_dress_n_.jpg
0_animal_print_dress_q.jpg,47_animal_print_dress_p_.jpg,47_animal_print_dress_n_.jpg
Tribal_Print_Maxi_Dress_img_00000038.jpg,Tribal_Print_Maxi_Dress_img_00000034.jpg,Tribal-Inspired_Maxi_Dress_img_00000043.jpg
0_animal_print_dress_q.jpg,45_animal_print_dress_p_.jpg,45_animal_print_dress_n_.jpg
0_horizontal_striped_dress_q.jpg,23_horizontal_striped_dress_p_.jpg,23_horizontal_striped_dress_n_.jpg
Leopard_Print_Maxi_Dress_img_00000016.jpg,Leopard_Print_Maxi_Dress_img_00000006.jpg,Life_in_Progress_Belted_Shirt_Dress_img_00000004.jpg
0_disney_dress_q.jpg,13_disney_dress_p_.jpg,13_disney_dress_n_.jpg
0_black_long_dress_q.jpg,36_black_long_dress_p_.jpg,36_black_long_dress_n_.jpg
0_flower_dress_q.jpg,36_flower_dress_p_.jpg,36_flower_dress_n_.jpg
Buttoned_Denim_Shift_Dress_img_00000042.jpg,Buttoned_Denim_Shift_Dress_img_00000039.jpg,Buttoned_Fit_&_Flare_Dress_img_00000004.jpg
Botanical_Floral_Shift_Dress_img_00000001.jpg,Botanical_Floral_Shift_Dress_img_00000026.jpg,Shirred_Chiffon_Dress_img_00000082.jpg
Abstract_Floral_Print_Maxi_Dress_img_00000011.jpg,Abstract_Floral_Print_Maxi_Dress_img_00000009.jpg,Watercolor_Ikat_M-Slit_Maxi_Dress_img_00000047.jpg
0_tulle_long_dress_q.jpg,9_tulle_long_dress_p_.jpg,9_tulle_long_dress_n_.jpg
0_horizontal_striped_dress_q.jpg,29_horizontal_striped_dress_p_.jpg,29_horizontal_striped_dress_n_.jpg
Beaded_Sheer_Dress_img_00000038.jpg,Beaded_Shift_Dress_img_00000014.jpg,Sateen_Floral_Maxi_Dress_img_00000019.jpg
0_red_long_dress_q.jpg,15_red_long_dress_p_.jpg,15_red_long_dress_n_.jpg
Open-Crochet_Maxi_Dress_img_00000047.jpg,Open-Crochet_Maxi_Dress_img_00000082.jpg,Butterfly_Print_Maxi_Dress_img_00000022.jpg
Shirred_Chiffon_Dress_img_00000042.jpg,Shirred_Chiffon_Dress_img_00000013.jpg,Tribal_Print_Dress_img_00000052.jpg
0_flower_dress_q.jpg,17_flower_dress_p_.jpg,17_flower_dress_n_.jpg
Abstract_Floral_Print_Dress_img_00000030.jpg,Abstract_Floral_Print_Maxi_Dress_img_00000004.jpg,Cutout_Tribal_Print_Dress_img_00000023.jpg
Baroque_Print_Dress_img_00000038.jpg,Baroque_Midi_Dress_img_00000053.jpg,Cutout-Back_Shift_Dress_img_00000023.jpg
Watercolor_Rose_Print_Dress_img_00000008.jpg,Rose_Print_Skater_Dress_img_00000011.jpg,Abstract_Floral_Babydoll_Dress_img_00000034.jpg
0_silk_dress_q.jpg,15_silk_dress_p_.jpg,15_silk_dress_n_.jpg
Cowl_Neck_Maxi_Dress_img_00000047.jpg,Cowl_Neck_Maxi_Dress_img_00000013.jpg,Textured_Floral_Skater_Dress_img_00000040.jpg
Sequined_Geo_Pattern_Dress_img_00000034.jpg,Sequined_Paisley_Shift_Dress_img_00000002.jpg,Sheer-Paneled_Printed_Dress_img_00000055.jpg
0_horizontal_striped_dress_q.jpg,59_horizontal_striped_dress_p_.jpg,59_horizontal_striped_dress_n_.jpg
Tribal_Print_Cutout_Dress_img_00000026.jpg,Tribal_Print_Dress_img_00000011.jpg,Wild_Rose_Skater_Dress_img_00000010.jpg
Faux_Leather_Sheath_Dress_img_00000015.jpg,Faux_Leather_Fit_&_Flare_Dress_img_00000006.jpg,Organza-Paneled_Midi_T-Shirt_Dress_img_00000031.jpg
0_office_dress_q.jpg,22_office_dress_p_.jpg,22_office_dress_n_.jpg
Cutout_Bandage_Dress_img_00000010.jpg,Bandage_Bodycon_Dress_img_00000073.jpg,Botanical_Floral_Shift_Dress_img_00000050.jpg
0_tulle_long_dress_q.jpg,40_tulle_long_dress_p_.jpg,40_tulle_long_dress_n_.jpg
0_jungle_dress_q.jpg,7_jungle_dress_p_.jpg,7_jungle_dress_n_.jpg
Faux_Suede_Shift_Dress_img_00000066.jpg,Faux_Suede_Shift_Dress_img_00000064.jpg,Festive_Fit_&_Flare_Dress_img_00000052.jpg
Watercolor_Rose_Print_Dress_img_00000008.jpg,Watercolor_Rose_Print_Dress_img_00000049.jpg,Rose_Print_Fit_&_Flare_Dress_img_00000003.jpg
0_tulle_long_dress_q.jpg,35_tulle_long_dress_p_.jpg,35_tulle_long_dress_n_.jpg
0_lace_prom_dress_q.jpg,3_lace_prom_dress_p_.jpg,3_lace_prom_dress_n_.jpg
0_animal_print_dress_q.jpg,34_animal_print_dress_p_.jpg,34_animal_print_dress_n_.jpg
Life_In_Progress_Wrap_Belt_Chambray_Dress_img_00000004.jpg,Life_in_Progress_Belted_Shirt_Dress_img_00000013.jpg,Crepe_Fit_&_Flare_Dress_img_00000062.jpg
0_flower_dress_q.jpg,27_flower_dress_p_.jpg,27_flower_dress_n_.jpg
0_flower_dress_q.jpg,11_flower_dress_p_.jpg,11_flower_dress_n_.jpg
